{"train_loss": 5144.7509765625, "boundary_loss": 0.0, "pde_loss": 0.05669931694865227, "mpc_loss": 0.01238367147743702, "mpc_importance": 1.0, "mpc_weight": 23.56805992126465, "_timestamp": 1746163766.9046533, "_runtime": 34745.379343271255, "_step": 869, "step": 79000, "val_plot": {"_type": "image-file", "sha256": "4ad8c4178ddae648569ba4b0f2d6278ccfc96216d831ad34ad3bf3d1e509e81c", "size": 1683991, "path": "media/images/val_plot_868_4ad8c4178ddae648569b.png", "format": "png", "width": 3000, "height": 3000}}